,SeriousDlqin2yrs,RevolvingUtilizationOfUnsecuredLines,age,NumberOfTime30-59DaysPastDueNotWorse,DebtRatio,MonthlyIncome,NumberOfOpenCreditLinesAndLoans,NumberOfTimes90DaysLate,NumberRealEstateLoansOrLines,NumberOfTime60-89DaysPastDueNotWorse,NumberOfDependents
mean,0.066839999999999997,6.0484380546668604,52.295206666666665,0.42103333333333332,353.00507576386718,6670.2212373928442,8.4527599999999996,0.26597333333333334,1.01824,0.24038666666666667,0.75722226786056568
median,0.0,0.154180737,52.0,0.0,0.366507841,5400.0,8.0,0.0,1.0,0.0,0.0
mode,0,0.0,49,0,0.0,5000.0,6,0,0,0,0.0
std dev,0.2497455309287198,249.75537062546002,14.771865863100343,4.1927812720183155,2037.8185231443485,14384.674215282135,5.145950989643273,4.169303787594444,1.1297709848828605,4.155179420987221,1.115086071487141
no. missing vals,0.0,0.0,0.0,0.0,0.0,29731.0,0.0,0.0,0.0,0.0,3924.0
