,SeriousDlqin2yrs,RevolvingUtilizationOfUnsecuredLines,age,NumberOfTime30-59DaysPastDueNotWorse,DebtRatio,MonthlyIncome,NumberOfOpenCreditLinesAndLoans,NumberOfTimes90DaysLate,NumberRealEstateLoansOrLines,NumberOfTime60-89DaysPastDueNotWorse,NumberOfDependents
mean,0.06684,6.04843805467,52.2952066667,0.421033333333,353.005075764,6670.22123739,8.45276,0.265973333333,1.01824,0.240386666667,0.757222267861
median,0.0,0.154180737,52.0,0.0,0.366507841,5400.0,8.0,0.0,1.0,0.0,0.0
mode,0,0.0,49,0,0.0,5000.0,6,0,0,0,0.0
std dev,0.249745530929,249.755370625,14.7718658631,4.19278127202,2037.81852314,14384.6742153,5.14595098965,4.1693037876,1.12977098488,4.15517942098,1.11508607149
no. missing vals,0,0,0,0,0,29731,0,0,0,0,3924
