,SeriousDlqin2yrs,RevolvingUtilizationOfUnsecuredLines,age,NumberOfTime30-59DaysPastDueNotWorse,DebtRatio,MonthlyIncome,NumberOfOpenCreditLinesAndLoans,NumberOfTimes90DaysLate,NumberRealEstateLoansOrLines,NumberOfTime60-89DaysPastDueNotWorse,NumberOfDependents
mean,,5.310000296785006,52.405436292523376,0.4537698393150941,344.4750202382553,6855.0355896805895,8.453513689250563,0.29669073820478215,1.0130735052165947,0.27031713348373937,0.7690463909705998
median,,0.152585671,52.0,0.0,0.364259696,5400.0,8.0,0.0,1.0,0.0,0.0
mode,nan,0.0,50,0,0.0,5000.0,6,0,0,0,0.0
std dev,,196.15603864963575,14.779756224908231,4.538487431930245,1632.595231245499,36508.600374596055,5.144100337649454,4.515858615924312,1.1102530938309045,4.503577640852596,1.1367781167277446
no. missing vals,101503.0,0.0,0.0,0.0,0.0,20103.0,0.0,0.0,0.0,0.0,2626.0
