,SeriousDlqin2yrs,RevolvingUtilizationOfUnsecuredLines,age,NumberOfTime30-59DaysPastDueNotWorse,DebtRatio,MonthlyIncome,NumberOfOpenCreditLinesAndLoans,NumberOfTimes90DaysLate,NumberRealEstateLoansOrLines,NumberOfTime60-89DaysPastDueNotWorse,NumberOfDependents
mean,,5.31000029679,52.4054362925,0.453769839315,344.475020238,6855.03558968,8.45351368925,0.296690738205,1.01307350522,0.270317133484,0.769046390971
median,,0.152585671,52.0,0.0,0.364259696,5400.0,8.0,0.0,1.0,0.0,0.0
mode,nan,0.0,50,0,0.0,5000.0,6,0,0,0,0.0
std dev,,196.15603864963575,14.779756224908231,4.538487431930245,1632.595231245499,36508.600374596055,5.144100337649454,4.515858615924312,1.1102530938309045,4.503577640852596,1.1367781167277446
no. missing vals,101503.0,0.0,0.0,0.0,0.0,20103.0,0.0,0.0,0.0,0.0,2626.0
