,ID,First_name,Last_name,State,Gender,Age,GPA,Days_missed,Graduated
mean,500.5,,,,,16.996108949416342,2.988446726572529,18.011138613861387,
median,500.5,,,,,17.0,3.0,18.0,
mode,nan,"Amy, nan","Ross, nan","Texas, nan","Female, nan","15.0, nan","2.0, nan","6.0, 14.0, 31.0","Yes, nan"
std dev,288.8194360957494,,,,,1.4580668249557953,0.8182494485644521,9.629370843452733,
no. missing vals,0.0,0.0,0.0,116.0,226.0,229.0,221.0,192.0,0.0
